x,y,z,dx,dy,dz,xx,yy,zz,dxx,dyy,dzz,label
0.009,0.015,1.008,0,0,0,-0.122,0.427,0,0,0,0,0
0.009,0.013,1.009,-0.001,-0.001,0.001,-0.061,0.427,0.061,0.061,0,0.061,0
0.01,0.014,1.009,0.001,0.001,0,-0.122,0.427,0.061,-0.061,0,0,0
0.01,0.014,1.009,-0.001,0,0,-0.061,0.427,0.061,0.061,0,0,0
0.01,0.014,1.009,0,0,0,-0.122,0.427,0.061,-0.061,0,0,0
0.011,0.016,1.008,0.002,0.002,-0.001,-0.061,0.427,0.061,0.061,0,0,0
0.012,0.013,1.009,0,-0.002,0.001,-0.061,0.427,0.061,0,0,0,0
0.008,0.016,1.01,-0.004,0.003,0.001,-0.061,0.366,0.061,0,-0.061,0,0
0.009,0.014,1.01,0,-0.003,-0.001,-0.122,0.427,0,-0.061,0.061,-0.061,0
0.009,0.014,1.009,0,0,0,-0.061,0.427,0.061,0.061,0,0.061,0
0.01,0.015,1.01,0.001,0,0.001,-0.061,0.427,0,0,0,-0.061,0
0.011,0.016,1.01,0.001,0.001,0,-0.061,0.427,0,0,0,0,0
0.009,0.016,1.008,-0.002,0,-0.002,-0.061,0.488,0.061,0,0.061,0.061,0
0.01,0.013,1.008,0.001,-0.002,0,-0.122,0.427,0,-0.061,-0.061,-0.061,0
0.011,0.016,1.008,0.001,0.003,0,-0.122,0.427,0.061,0,0,0.061,0
0.01,0.014,1.009,0,-0.002,0.001,-0.122,0.366,0,0,-0.061,-0.061,0
0.01,0.013,1.009,0,-0.001,0,-0.122,0.427,0.061,0,0.061,0.061,0
0.009,0.015,1.009,-0.001,0.001,0,-0.122,0.427,0.061,0,0,0,0
0.009,0.015,1.008,0,0.001,-0.001,-0.061,0.488,0.061,0.061,0.061,0,0
0.01,0.014,1.009,0,-0.002,0.001,-0.061,0.427,0.061,0,-0.061,0,0
0.01,0.015,1.009,0,0.002,0,-0.122,0.427,0.061,-0.061,0,0,0
0.01,0.015,1.009,0,-0.001,0,-0.122,0.427,0.061,0,0,0,0
0.01,0.014,1.009,0,-0.001,0,-0.061,0.427,0.061,0.061,0,0,0
0.009,0.013,1.009,-0.002,-0.001,0,-0.061,0.427,0.061,0,0,0,0
0.01,0.014,1.009,0.001,0.001,0,-0.122,0.427,0,-0.061,0,-0.061,0
0.009,0.014,1.008,0,0,-0.001,-0.061,0.427,0.061,0.061,0,0.061,0
0.01,0.015,1.009,0,0.001,0.001,-0.122,0.366,0.061,-0.061,-0.061,0,0
0.011,0.014,1.009,0.001,-0.001,0,-0.122,0.488,0.061,0,0.122,0,0
0.011,0.015,1.01,0,0,0.001,-0.122,0.427,0.061,0,-0.061,0,0
0.011,0.016,1.008,0,0.001,-0.001,-0.061,0.427,0,0.061,0,-0.061,0
0.01,0.014,1.009,-0.001,-0.002,0.001,-0.122,0.366,0.061,-0.061,-0.061,0.061,0
0.01,0.015,1.009,0,0,0,-0.061,0.427,0,0.061,0.061,-0.061,0
0.009,0.015,1.009,-0.001,0,0,-0.061,0.488,0,0,0.061,0,0
0.008,0.015,1.009,-0.001,0,0,-0.122,0.427,0.061,-0.061,-0.061,0.061,0
0.009,0.014,1.008,0.001,-0.001,-0.001,-0.122,0.427,0.061,0,0,0,0
0.01,0.014,1.009,0.001,0,0.002,-0.122,0.427,0.061,0,0,0,0
0.011,0.014,1.008,0.001,0,-0.001,-0.122,0.427,0.061,0,0,0,0
0.012,0.013,1.012,0.001,-0.001,0.003,0,0.488,0.061,0.122,0.061,0,0
0.008,0.016,1.01,-0.005,0.004,-0.001,-0.061,0.549,0.061,-0.061,0.061,0,0
0.009,0.016,1.009,0.002,-0.001,-0.001,-0.122,0.488,0.061,-0.061,-0.061,0,0
0.008,0.014,1.01,-0.001,-0.001,0,-0.122,0.427,0.061,0,-0.061,0,0
0.01,0.014,1.009,0.002,0,0,-0.061,0.427,0.061,0.061,0,0,0
0.01,0.015,1.008,0,0,-0.001,-0.061,0.427,0,0,0,-0.061,0
0.01,0.015,1.009,0,0,0.001,-0.061,0.488,0.061,0,0.061,0.061,0
0.011,0.014,1.009,0.001,-0.001,0,-0.122,0.427,0.061,-0.061,-0.061,0,0
0.01,0.014,1.009,-0.001,0,0,-0.122,0.427,0.061,0,0,0,0
0.01,0.015,1.009,0,0,0,-0.122,0.427,0.061,0,0,0,0
0.011,0.015,1.009,0,0,0,-0.122,0.427,0.061,0,0,0,0
0.01,0.015,1.009,-0.001,0,0,-0.061,0.427,0.061,0.061,0,0,0
0.01,0.014,1.008,0,0,-0.001,-0.061,0.427,0,0,0,-0.061,0
0.009,0.014,1.009,-0.001,-0.001,0.001,-0.061,0.427,0,0,0,0,0
0.01,0.014,1.009,0.001,0.001,0,-0.061,0.427,0.061,0,0,0.061,0
0.01,0.015,1.008,0,0.001,0,-0.061,0.488,0.061,0,0.061,0,0
0.01,0.015,1.008,0.001,0,0,-0.122,0.427,0.061,-0.061,-0.061,0,0
0.009,0.014,1.009,-0.001,-0.001,0.001,-0.061,0.427,0.061,0.061,0,0,0
0.009,0.015,1.009,-0.001,0.001,0,-0.061,0.427,0,0,0,-0.061,0
0.01,0.015,1.009,0.002,0,0,-0.122,0.366,0,-0.061,-0.061,0,0
0.01,0.014,1.008,-0.001,0,-0.001,-0.122,0.366,0,0,0,0,0
0.01,0.015,1.009,0.001,0,0.001,-0.122,0.366,0,0,0,0,0
0.01,0.015,1.009,0,0,0,-0.122,0.427,0.061,0,0.061,0.061,0
0.01,0.015,1.008,0,0,0,-0.061,0.427,0,0.061,0,-0.061,0
0.01,0.015,1.009,0,0,0,-0.122,0.427,0.061,-0.061,0,0.061,0
0.009,0.015,1.009,-0.001,0,0,-0.122,0.427,0.061,0,0,0,0
0.011,0.015,1.008,0.002,0,-0.001,-0.122,0.366,0.061,0,-0.061,0,0
0.01,0.014,1.008,-0.001,-0.001,0.001,-0.061,0.427,0.061,0.061,0.061,0,0
0.01,0.015,1.009,0,0,0.001,-0.061,0.427,0.061,0,0,0,0
0.01,0.015,1.008,0,0,-0.001,-0.122,0.427,0.061,-0.061,0,0,0
0.01,0.014,1.008,0,-0.001,0,-0.061,0.427,0,0.061,0,-0.061,0
0.01,0.015,1.009,-0.001,0.001,0,-0.122,0.427,0,-0.061,0,0,0
0.011,0.015,1.008,0.001,0,0,-0.122,0.427,0.061,0,0,0.061,0
0.011,0.013,1.008,0,-0.001,0,-0.061,0.427,0.061,0.061,0,0,0
0.011,0.015,1.009,0,0.002,0,-0.122,0.427,0.061,-0.061,0,0,0
0.009,0.014,1.008,-0.001,-0.001,0,-0.122,0.427,0.061,0,0,0,0
0.01,0.015,1.008,0,0.001,0,-0.122,0.488,0.061,0,0.061,0,0
0.011,0.014,1.008,0.001,0,-0.001,-0.061,0.427,0,0.061,-0.061,-0.061,0
0.011,0.015,1.009,0.001,0,0.001,-0.061,0.488,0.061,0,0.061,0.061,0
0.011,0.014,1.009,0,0,0,-0.061,0.427,0,0,-0.061,-0.061,0
0.01,0.013,1.009,-0.001,-0.002,0,-0.122,0.427,0,-0.061,0,0,0
0.011,0.014,1.008,0.001,0.001,0,-0.061,0.427,0.061,0.061,0,0.061,0
0.011,0.015,1.008,0,0.001,0,-0.122,0.366,0.061,-0.061,-0.061,0,0
0.01,0.014,1.009,-0.001,0,0.001,-0.061,0.427,0,0.061,0.061,-0.061,0
0.01,0.014,1.009,0,-0.001,0,-0.122,0.427,0.061,-0.061,0,0.061,0
0.01,0.014,1.009,0,0,0.001,-0.122,0.427,0.061,0,0,0,0
0.009,0.015,1.008,0,0.001,-0.001,-0.122,0.366,0.061,0,-0.061,0,0
0.009,0.015,1.009,0,0,0,-0.122,0.427,0.061,0,0.061,0,0
0.01,0.016,1.008,0.001,0.001,0,-0.122,0.427,0,0,0,-0.061,0
0.011,0.015,1.008,0.001,-0.001,0,-0.122,0.427,0,0,0,0,0
0.01,0.014,1.009,-0.001,0,0,-0.061,0.488,0.061,0.061,0.061,0.061,0
0.011,0.014,1.009,0,0,0.001,-0.122,0.366,0,-0.061,-0.122,-0.061,0
0.01,0.014,1.009,0,0,-0.001,-0.122,0.427,0.061,0,0.061,0.061,0
0.009,0.014,1.01,-0.001,0,0.001,-0.122,0.427,0.061,0,0,0,0
0.01,0.014,1.009,0,0,-0.001,-0.122,0.427,0,0,0,-0.061,0
0.01,0.015,1.009,0.001,0.001,0,-0.061,0.427,0,0.061,0,0,0
0.01,0.015,1.009,0,0.001,0,-0.122,0.427,0,-0.061,0,0,0
0.01,0.014,1.008,0,-0.002,-0.001,-0.061,0.427,0.061,0.061,0,0.061,0
0.01,0.013,1.009,-0.001,0,0.001,-0.061,0.427,0,0,0,-0.061,0
0.009,0.014,1.009,0,0.001,0,-0.122,0.427,0.061,-0.061,0,0.061,0
0.009,0.015,1.01,0,0,0,-0.061,0.427,0.061,0.061,0,0,0
0.01,0.014,1.01,0.001,0,0,-0.122,0.427,0,-0.061,0,-0.061,0
0.01,0.014,1.009,0.001,-0.001,0,-0.122,0.427,0,0,0,0,0
0.01,0.013,1.008,0,-0.001,-0.001,-0.061,0.427,0,0.061,0,0,0
0.009,0.013,1.009,0,0,0.001,-0.122,0.427,0,-0.061,0,0,0
0.01,0.014,1.008,0.001,0.001,0,-0.061,0.427,0.061,0.061,0,0.061,0
0.01,0.014,1.009,0,0,0,-0.122,0.427,0,-0.061,0,-0.061,0
0.009,0.015,1.009,-0.001,0.001,0,-0.122,0.427,0.061,0,0,0.061,0
0.01,0.015,1.009,0,0,0.001,-0.061,0.427,0,0.061,0,-0.061,0
0.01,0.016,1.009,0.001,0.001,-0.001,-0.122,0.427,0.061,-0.061,0,0.061,0
0.01,0.012,1.009,0,-0.004,0,-0.122,0.488,0.061,0,0.061,0,0
0.009,0.013,1.008,-0.001,0.001,0,-0.061,0.427,0,0.061,-0.061,-0.061,0
0.009,0.014,1.009,0,0.001,0.001,-0.122,0.427,0,-0.061,0,0,0
0.009,0.016,1.009,0,0.001,0,-0.122,0.427,0.061,0,0,0.061,0
0.011,0.014,1.009,0.001,-0.001,0,-0.122,0.427,0,0,0,-0.061,0
0.009,0.014,1.008,-0.002,0,0,-0.061,0.427,0,0.061,0,0,0
0.009,0.014,1.01,-0.001,0.001,0.001,-0.061,0.427,0.061,0,0,0.061,0
0.01,0.014,1.008,0.002,0,-0.001,-0.061,0.488,0.061,0,0.061,0,0
0.011,0.014,1.008,0.001,-0.001,-0.001,-0.122,0.488,0,-0.061,0,-0.061,0
0.01,0.015,1.009,-0.001,0.001,0.001,-0.122,0.366,0.061,0,-0.122,0.061,0
0.01,0.015,1.008,0,0.001,-0.001,-0.122,0.366,0,0,0,-0.061,0
0.01,0.015,1.009,-0.001,-0.001,0.001,-0.122,0.427,0,0,0.061,0,0
0.01,0.014,1.008,0,0,-0.001,-0.122,0.488,0,0,0.061,0,0
0.01,0.014,1.009,-0.001,0,0.002,-0.061,0.488,0,0.061,0,0,0
0.008,0.016,1.009,-0.002,0.002,-0.001,-0.061,0.427,0.061,0,-0.061,0.061,0
0.006,0.017,1.011,-0.002,0.001,0.002,-0.061,0.427,0,0,0,-0.061,0
0.009,0.016,1.009,0.003,-0.001,-0.002,-0.061,0.427,0,0,0,0,0
0.008,0.015,1.009,-0.001,0,0,-0.122,0.427,0,-0.061,0,0,0
0.009,0.014,1.009,0.001,-0.001,0,-0.061,0.427,0,0.061,0,0,0
0.008,0.014,1.009,-0.002,0,0,-0.122,0.427,0.061,-0.061,0,0.061,0
0.009,0.014,1.008,0.002,0,-0.001,-0.122,0.427,0,0,0,-0.061,0
0.009,0.016,1.009,0,0.002,0.001,-0.061,0.427,0.061,0.061,0,0.061,0
0.009,0.014,1.009,0,-0.002,0,-0.122,0.427,0,-0.061,0,-0.061,0
0.009,0.011,1.011,0,-0.003,0.002,-0.061,0.366,0,0.061,-0.061,0,0
0.009,0.013,1.009,0.001,0.002,-0.002,-0.122,0.427,0,-0.061,0.061,0,0
0.012,0.015,1.008,0.003,0.001,-0.001,-0.122,0.488,0,0,0.061,0,0
0.011,0.015,1.008,-0.001,0,0.001,-0.122,0.488,0.061,0,0,0.061,0
0.011,0.015,1.008,0,0,0,-0.061,0.427,0,0.061,-0.061,-0.061,0
0.009,0.016,1.009,-0.001,0.001,0.001,-0.061,0.488,0,0,0.061,0,0
0.009,0.016,1.01,-0.001,0,0,-0.122,0.427,0,-0.061,-0.061,0,0
0.008,0.015,1.009,-0.001,-0.001,0,-0.122,0.366,0,0,-0.061,0,0
0.007,0.016,1.01,-0.001,0.001,0,-0.061,0.427,0.061,0.061,0.061,0.061,0
0.009,0.014,1.009,0.002,-0.002,-0.001,-0.061,0.366,0,0,-0.061,-0.061,0
0.01,0.013,1.008,0.001,-0.001,-0.001,-0.061,0.488,0,0,0.122,0,0
0.008,0.015,1.01,-0.002,0.002,0.002,-0.122,0.488,0,-0.061,0,0,0
0.009,0.013,1.01,0,-0.002,0,-0.122,0.488,0,0,0,0,0
0.009,0.014,1.009,0,0.001,-0.001,-0.122,0.427,0.061,0,-0.061,0.061,0
0.009,0.014,1.009,0,0,0,-0.061,0.427,0,0.061,0,-0.061,0
0.008,0.013,1.009,-0.001,-0.001,0,-0.061,0.427,0,0,0,0,0
0.01,0.015,1.009,0.002,0.002,0,-0.061,0.427,0.061,0,0,0.061,0
0.009,0.015,1.009,-0.001,0,0,-0.061,0.427,0,0,0,-0.061,0
0.01,0.014,1.009,0,-0.001,0,-0.061,0.427,0.061,0,0,0.061,0
0.009,0.015,1.009,-0.001,0.001,-0.001,-0.061,0.427,0.061,0,0,0,0
0.01,0.015,1.009,0.001,0,0,-0.061,0.427,0,0,0,-0.061,0
0.01,0.014,1.009,0,-0.001,0,-0.122,0.427,0.061,-0.061,0,0.061,0
0.009,0.014,1.008,0,0,-0.001,-0.061,0.366,0.061,0.061,-0.061,0,0
0.01,0.015,1.008,0,0.001,0,-0.122,0.427,0,-0.061,0.061,-0.061,0
0.01,0.015,1.009,0,0,0,-0.061,0.427,0,0.061,0,0,0
0.01,0.014,1.01,0,-0.001,0.001,-0.061,0.427,0,0,0,0,0
0.01,0.015,1.009,0.001,0.001,-0.001,-0.061,0.488,0,0,0.061,0,0
0.011,0.016,1.008,0.001,0,0,-0.061,0.488,0,0,0,0,0
0.011,0.015,1.009,0,0,0.001,-0.061,0.427,0.061,0,-0.061,0.061,0
0.01,0.013,1.008,-0.001,-0.002,-0.001,-0.122,0.427,0.061,-0.061,0,0,0
0.01,0.014,1.009,0,0.001,0,-0.061,0.427,0,0.061,0,-0.061,0
0.01,0.015,1.008,0,0.001,-0.001,-0.061,0.427,0.061,0,0,0.061,0
0.012,0.014,1.011,0.002,-0.001,0.003,-0.122,0.427,0,-0.061,0,-0.061,0
0.007,0.014,1.013,-0.005,0.001,0.002,-0.122,0.366,0,0,-0.061,0,0
0.008,0.016,1.01,0.001,0.001,-0.003,-0.122,0.305,0,0,-0.061,0,0
0.009,0.014,1.008,0,-0.002,-0.002,-0.122,0.366,0,0,0.061,0,0
0.009,0.013,1.009,0,-0.001,0.001,-0.061,0.427,0,0.061,0.061,0,0
0.01,0.014,1.009,0.001,0.001,0,-0.122,0.427,0.061,-0.061,0,0.061,0
0.01,0.013,1.01,0,-0.001,0,-0.122,0.488,0.061,0,0.061,0,0
0.01,0.015,1.009,0,0.002,-0.001,-0.061,0.427,0,0.061,-0.061,-0.061,0
0.01,0.016,1.008,0,0,-0.001,-0.061,0.488,0,0,0.061,0,0
0.009,0.016,1.01,0,0,0.003,-0.061,0.488,0.061,0,0,0.061,0
0.01,0.015,1.009,0,-0.001,-0.001,-0.122,0.427,0.061,-0.061,-0.061,0,0
0.01,0.015,1.009,0,0,0,-0.061,0.427,0,0.061,0,-0.061,0
0.011,0.014,1.008,0.001,-0.001,-0.001,-0.061,0.427,0,0,0,0,0
0.007,0.015,1.009,-0.003,0.001,0.001,-0.061,0.366,0,0,-0.061,0,0
0.008,0.015,1.011,0.001,0,0.002,-0.061,0.366,0,0,0,0,0
0.009,0.014,1.009,0,0,-0.002,-0.122,0.427,0,-0.061,0.061,0,0
0.01,0.013,1.009,0.001,-0.001,0,-0.122,0.427,0,0,0,0,0
0.01,0.014,1.008,0,0.001,-0.001,-0.061,0.427,0,0.061,0,0,0
0.01,0.013,1.008,0,-0.001,0,-0.061,0.427,0,0,0,0,0
0.01,0.014,1.008,-0.001,0.001,0,-0.122,0.427,0,-0.061,0,0,0
0.01,0.015,1.009,0,0.001,0.001,-0.122,0.427,0,0,0,0,0
0.01,0.015,1.01,0,0,0,-0.122,0.427,0,0,0,0,0
0.01,0.015,1.009,0,-0.001,0,-0.061,0.427,0,0.061,0,0,0
0.009,0.016,1.009,0,0.001,-0.001,-0.122,0.427,0,-0.061,0,0,0
0.01,0.015,1.009,0.001,-0.001,0,-0.122,0.427,0.061,0,0,0.061,0
0.009,0.015,1.009,-0.001,0,0,-0.061,0.427,0,0.061,0,-0.061,0
0.01,0.014,1.009,0.001,-0.001,0,-0.061,0.427,0,0,0,0,0
0.01,0.014,1.009,0,0,0,-0.061,0.427,0,0,0,0,0
0.01,0.014,1.009,0,0,-0.001,-0.061,0.427,0.061,0,0,0.061,0
0.009,0.015,1.009,-0.001,0,0,-0.122,0.427,0,-0.061,0,-0.061,0
0.01,0.015,1.008,0,0.001,-0.001,-0.122,0.427,0.061,0,0,0.061,0
0.008,0.014,1.009,-0.001,-0.001,0,-0.122,0.366,0,0,-0.061,-0.061,0
0.011,0.014,1.008,0.003,0,0,-0.122,0.366,0,0,0,0,0
0.012,0.015,1.008,0.001,0.001,0,-0.122,0.305,0,0,-0.061,0,0
0.011,0.014,1.009,0,-0.001,0.001,-0.122,0.366,0,0,0.061,0,0
0.008,0.015,1.01,-0.003,0.001,0.002,-0.122,0.183,0,0,-0.183,0,0
0.014,0.014,1.008,0.006,-0.001,-0.003,-0.122,0.305,0,0,0.122,0,0
0.01,0.015,1.01,-0.003,0.001,0.003,-0.061,0.488,0,0.061,0.183,0,0
-0.617,0.312,0.523,0,0,0,48.828,7.019,-77.576,0,0,0,1
-0.466,0.057,0.782,0.152,-0.255,0.259,127.197,-4.456,27.588,78.369,-11.475,105.164,1
-0.613,0.13,0.716,-0.147,0.073,-0.066,-63.538,-5.676,7.751,-190.735,-1.221,-19.836,1
-0.495,0.006,0.925,0.117,-0.124,0.209,-41.016,-5.066,69.336,22.522,0.61,61.584,1
-0.511,0.163,0.927,-0.015,0.157,0.002,0.977,7.446,57.19,41.992,12.512,-12.146,1
-0.592,0.292,0.69,-0.081,0.128,-0.237,-70.801,3.418,44.617,-71.777,-4.028,-12.573,1
-0.688,0.197,0.866,-0.096,-0.094,0.176,-33.691,11.841,17.7,37.109,8.423,-26.917,1
-0.653,0.217,0.755,0.036,0.02,-0.111,-18.799,25.269,-12.268,14.893,13.428,-29.968,1
-0.698,0.159,0.649,-0.046,-0.058,-0.105,-12.695,18.066,-16.968,6.104,-7.202,-4.7,1
-0.702,0.14,0.615,-0.003,-0.019,-0.035,-3.479,2.441,-12.695,9.216,-15.625,4.272,1
-0.658,0.177,0.72,0.043,0.037,0.105,6.348,-13.733,-8.606,9.827,-16.174,4.089,1
-0.683,0.046,0.776,-0.025,-0.13,0.056,1.16,-3.479,-9.827,-5.188,10.254,-1.221,1
-0.701,0.089,0.744,-0.018,0.043,-0.032,2.808,7.996,-4.639,1.648,11.475,5.188,1
-0.69,0.097,0.704,0.01,0.007,-0.04,-5.798,4.028,-6.531,-8.606,-3.967,-1.892,1
-0.677,0.081,0.742,0.013,-0.016,0.038,3.113,7.996,2.075,8.911,3.967,8.606,1
-0.676,0.137,0.684,0.001,0.057,-0.058,-6.409,2.014,1.221,-9.521,-5.981,-0.854,1
-0.696,0.113,0.836,-0.02,-0.024,0.152,5.31,8.362,-6.042,11.719,6.348,-7.263,1
-0.718,0.117,0.729,-0.022,0.004,-0.107,-8.789,7.568,-11.597,-14.099,-0.793,-5.554,1
-0.734,0.097,0.697,-0.015,-0.02,-0.032,-12.085,0.366,-6.104,-3.296,-7.202,5.493,1
-0.753,0.138,0.697,-0.02,0.041,0,-4.089,6.104,4.395,7.996,5.737,10.498,1
-0.7,0.192,0.565,0.053,0.054,-0.133,-15.503,4.944,5.493,-11.414,-1.16,1.099,1
-0.701,0.167,0.588,-0.001,-0.025,0.023,-18.799,-5.554,11.23,-3.296,-10.498,5.737,1
-0.677,0.088,0.678,0.023,-0.08,0.091,-42.358,-1.282,-2.38,-23.56,4.272,-13.611,1
-0.871,-0.137,0.786,-0.194,-0.225,0.108,-6.897,-14.587,1.099,35.461,-13.306,3.479,1
-0.724,-0.169,0.609,0.147,-0.031,-0.177,-4.333,15.076,-31.372,2.563,29.663,-32.471,1
-0.749,-0.063,0.653,-0.025,0.106,0.044,61.646,15.93,6.226,65.979,0.854,37.598,1
-0.732,-0.096,0.54,0.017,-0.034,-0.113,12.939,-49.683,-8.606,-48.706,-65.613,-14.832,1
-0.725,-0.01,0.73,0.008,0.086,0.19,-40.222,-29.541,-27.344,-53.162,20.142,-18.738,1
-0.68,-0.107,0.678,0.045,-0.097,-0.052,-60.852,-0.854,-14.343,-20.63,28.687,13,1
-0.564,-0.163,0.654,0.116,-0.056,-0.024,70.557,0.977,19.104,131.409,1.831,33.447,1
-0.592,-0.07,0.654,-0.027,0.092,-0.001,-17.029,-20.142,22.461,-87.585,-21.118,3.357,1
-0.647,-0.133,0.864,-0.055,-0.062,0.211,-38.879,-18.005,12.939,-21.851,2.136,-9.521,1
-0.549,-0.056,0.82,0.098,0.077,-0.044,0.488,16.113,13.123,39.368,34.119,0.183,1
-0.562,-0.015,0.777,-0.013,0.041,-0.043,21.118,-9.827,5.859,20.63,-25.94,-7.263,1
-0.634,0.047,0.821,-0.072,0.063,0.044,10.315,-7.996,-3.479,-10.803,1.831,-9.338,1
-0.592,0.042,0.802,0.041,-0.005,-0.019,4.639,2.441,-4.211,-5.676,10.437,-0.732,1
-0.516,0.047,0.833,0.076,0.004,0.031,43.518,16.907,-63.843,38.879,14.465,-59.631,1
-0.69,0.098,0.798,-0.174,0.051,-0.035,-15.015,41.748,-8.911,-58.533,24.841,54.932,1
-0.744,0.073,0.831,-0.054,-0.025,0.034,-11.719,14.526,26.062,3.296,-27.222,34.973,1
-0.654,0.143,0.687,0.09,0.07,-0.145,27.893,24.048,18.311,39.612,9.521,-7.751,1
-0.591,0.077,0.663,0.063,-0.067,-0.024,-32.288,-33.386,5.432,-60.181,-57.434,-12.878,1
-0.682,0.012,0.811,-0.091,-0.065,0.148,-34.79,35.095,22.339,-2.502,68.481,16.907,1
-0.623,0.078,0.756,0.06,0.067,-0.055,30.334,55.908,26.855,65.125,20.813,4.517,1
-0.735,-0.002,0.706,-0.112,-0.081,-0.05,10.315,20.752,1.16,-20.02,-35.156,-25.696,1
-0.669,0.035,0.737,0.066,0.037,0.031,3.784,-5.249,-1.709,-6.531,-26.001,-2.869,1
-0.656,0.011,0.775,0.013,-0.024,0.038,5.798,-9.583,-8.85,2.014,-4.333,-7.141,1
-0.672,0.03,0.772,-0.016,0.019,-0.003,-5.859,-14.526,-1.709,-11.658,-4.944,7.141,1
-0.637,0.036,0.753,0.036,0.006,-0.019,-10.559,-2.563,-0.366,-4.7,11.963,1.343,1
-0.65,0.053,0.794,-0.014,0.016,0.041,-7.812,-3.174,2.93,2.747,-0.61,3.296,1
-0.622,0.071,0.74,0.029,0.019,-0.054,-7.08,1.099,3.418,0.732,4.272,0.488,1
-0.638,0.07,0.797,-0.016,-0.001,0.057,1.77,1.831,0.732,8.85,0.732,-2.686,1
-0.624,0.031,0.73,0.014,-0.04,-0.067,1.587,2.197,-1.282,-0.183,0.366,-2.014,1
-0.652,0.049,0.785,-0.029,0.019,0.056,0.305,2.625,-0.488,-1.282,0.427,0.793,1
-0.627,0.031,0.751,0.026,-0.018,-0.034,5.005,-2.686,-3.113,4.7,-5.31,-2.625,1
-0.621,0.049,0.773,0.006,0.018,0.022,-1.221,-5.127,-8.972,-6.226,-2.441,-5.859,1
-0.643,0.036,0.756,-0.022,-0.013,-0.017,-5.127,-13.611,-1.77,-3.906,-8.484,7.202,1
-0.614,0.084,0.772,0.03,0.048,0.016,-4.15,-7.935,-7.812,0.977,5.676,-6.042,1
-0.562,0.127,0.804,0.052,0.043,0.032,-18.066,17.517,6.897,-13.916,25.452,14.709,1
-0.636,0.022,0.76,-0.075,-0.105,-0.044,-0.427,0,-6.653,17.639,-17.517,-13.55,1
-0.743,0.065,0.705,-0.107,0.042,-0.055,47.18,44.922,-22.278,47.607,44.922,-15.625,1
-0.731,0.08,0.617,0.012,0.015,-0.088,-7.812,24.048,16.846,-54.993,-20.874,39.124,1
-0.673,0.078,0.72,0.058,-0.001,0.103,0.488,-24.658,-40.833,8.301,-48.706,-57.678,1
-0.624,0.188,0.883,0.049,0.109,0.163,-43.945,-10.803,-26.428,-44.434,13.855,14.404,1
-0.578,-0.078,0.94,0.046,-0.266,0.057,-62.256,28.442,5.005,-18.311,39.246,31.433,1
-0.647,-0.003,0.74,-0.068,0.075,-0.2,21.484,-24.048,5.066,83.74,-52.49,0.061,1
-0.796,0.238,0.684,-0.149,0.241,-0.056,71.655,-5.371,-12.268,50.171,18.677,-17.334,1
-0.675,0.094,0.652,0.121,-0.144,-0.032,-22.217,17.456,-8.301,-93.872,22.827,3.967,1
-0.775,0.173,0.396,-0.1,0.079,-0.256,-20.691,11.108,11.353,1.526,-6.348,19.653,1
-0.682,-0.135,0.793,0.092,-0.309,0.397,-2.38,-2.38,57.373,18.311,-13.489,46.021,1
-0.697,0.049,0.569,-0.014,0.185,-0.224,-56.213,6.226,38.879,-53.833,8.606,-18.494,1
-0.715,0.129,0.666,-0.018,0.079,0.097,20.569,-29.663,5.859,76.782,-35.889,-33.02,1
-0.606,0.115,0.749,0.109,-0.014,0.083,51.025,-62.5,-5.127,30.457,-32.837,-10.986,1
-0.654,0.088,0.721,-0.048,-0.027,-0.028,10.437,-10.803,-1.648,-40.588,51.697,3.479,1
-0.617,0.071,0.767,0.037,-0.017,0.046,23.56,-21.118,0.854,13.123,-10.315,2.502,1
-0.631,0.092,0.738,-0.014,0.021,-0.029,24.475,-7.568,-4.456,0.916,13.55,-5.31,1
-0.591,0.095,0.826,0.04,0.003,0.088,33.325,0.366,-1.831,8.85,7.935,2.625,1
-0.601,0.163,0.778,-0.01,0.069,-0.048,8.179,7.812,-10.681,-25.146,7.446,-8.85,1
-0.639,0.102,0.75,-0.038,-0.061,-0.028,-45.898,21.179,-17.273,-54.077,13.367,-6.592,1
-0.641,0.074,0.693,-0.002,-0.028,-0.057,-31.982,5.798,-13.428,13.916,-15.381,3.845,1
-0.662,-0.048,0.812,-0.021,-0.122,0.119,-2.319,-8.179,-12.451,29.663,-13.977,0.977,1
-0.62,-0.017,0.731,0.042,0.031,-0.081,13.55,-11.414,-21.606,15.869,-3.235,-9.155,1
-0.647,0.072,0.722,-0.028,0.088,-0.008,1.282,0.61,-14.465,-12.268,12.024,7.141,1
-0.601,0.089,0.834,0.047,0.017,0.112,15.93,-1.16,-19.348,14.648,-1.77,-4.883,1
-0.624,0.01,0.751,-0.023,-0.078,-0.083,34.668,-5.798,16.052,18.738,-4.639,35.4,1
-0.661,0.121,0.746,-0.037,0.111,-0.005,-20.142,7.019,-26.855,-54.81,12.817,-42.908,1
-0.617,0.04,0.747,0.045,-0.082,0.002,-21.973,-1.709,-1.282,-1.831,-8.728,25.574,1
-0.627,0.004,0.8,-0.011,-0.035,0.052,13.184,-0.244,-5.554,35.156,1.465,-4.272,1
-0.634,0.087,0.773,-0.006,0.083,-0.027,-8.545,6.348,0.061,-21.729,6.592,5.615,1
-0.637,-0.012,0.725,-0.003,-0.098,-0.047,1.526,12.39,12.329,10.071,6.042,12.268,1
-0.685,0.088,0.708,-0.048,0.1,-0.017,-1.221,-12.573,9.033,-2.747,-24.963,-3.296,1
-0.705,-0.025,0.708,-0.019,-0.113,0,-64.758,-6.409,47.363,-63.538,6.165,38.33,1
-0.546,0.105,0.858,0.158,0.13,0.15,-17.639,-21.362,21.912,47.119,-14.954,-25.452,1
-0.473,0.189,0.833,0.073,0.084,-0.025,-23.926,-19.531,18.738,-6.287,1.831,-3.174,1
-0.616,0.135,0.82,-0.143,-0.054,-0.013,-5.615,-4.822,-7.751,18.311,14.709,-26.489,1
-0.698,0.038,0.751,-0.082,-0.097,-0.07,-7.08,5.676,9.521,-1.465,10.498,17.273,1
-0.635,0.073,0.772,0.063,0.035,0.022,7.751,-0.977,-1.16,14.832,-6.653,-10.681,1
-0.585,0.049,0.795,0.05,-0.023,0.023,1.282,1.892,6.104,-6.47,2.869,7.263,1
-0.595,0.074,0.823,-0.01,0.024,0.027,0.793,-4.333,6.042,-0.488,-6.226,-0.061,1
-0.593,0.085,0.799,0.002,0.011,-0.023,5.31,0.793,0.427,4.517,5.127,-5.615,1
-0.587,0.099,0.796,0.006,0.014,-0.004,-3.723,-0.183,-0.061,-9.033,-0.977,-0.488,1
-0.594,0.073,0.796,-0.007,-0.026,0,-1.282,1.953,1.038,2.441,2.136,1.099,1
-0.602,0.092,0.798,-0.008,0.019,0.003,2.258,5.005,0.427,3.54,3.052,-0.61,1
-0.621,0.103,0.77,-0.019,0.012,-0.028,3.418,2.136,-0.793,1.16,-2.869,-1.221,1
-0.622,0.098,0.772,-0.001,-0.005,0.002,-0.732,3.113,-0.732,-4.15,0.977,0.061,1
-0.628,0.106,0.8,-0.006,0.008,0.028,-2.136,-0.732,2.075,-1.404,-3.845,2.808,1
-0.608,0.119,0.761,0.02,0.013,-0.039,-5.127,0.977,-2.014,-2.991,1.709,-4.089,1
-0.613,0.115,0.812,-0.005,-0.005,0.051,1.465,-11.23,-10.254,6.592,-12.207,-8.24,1
-0.594,0.101,0.816,0.018,-0.014,0.004,-8.301,-9.338,-6.287,-9.766,1.892,3.967,1
-0.552,0.051,0.828,0.043,-0.05,0.012,16.174,2.502,-35.522,24.475,11.841,-29.236,1
-0.63,0.074,0.673,-0.078,0.023,-0.155,17.639,24.597,-17.09,1.465,22.095,18.433,1
-0.625,0.159,0.728,0.005,0.085,0.055,-8.667,-8.911,-21.179,-26.306,-33.508,-4.089,1
-0.655,0.138,0.718,-0.031,-0.022,-0.01,-14.771,29.663,-27.893,-6.104,38.574,-6.714,1
-0.548,0.075,0.842,0.107,-0.063,0.124,-47.729,-9.033,48.645,-32.959,-38.696,76.538,1
-0.645,-0.036,0.758,-0.097,-0.111,-0.083,-58.838,30.518,49.561,-11.108,39.551,0.916,1
-0.724,0.069,0.719,-0.079,0.106,-0.039,1.648,10.742,38.818,60.486,-19.775,-10.742,1
-0.694,0.157,0.709,0.031,0.088,-0.01,-0.366,1.221,10.376,-2.014,-9.521,-28.442,1
-0.698,0.141,0.729,-0.005,-0.016,0.02,17.639,19.714,-19.775,18.005,18.494,-30.151,1
-0.663,-0.016,0.72,0.036,-0.157,-0.01,7.996,-60.669,-42.908,-9.644,-80.383,-23.132,1
-0.635,-0.046,0.786,0.028,-0.03,0.066,18.25,-2.808,-21.179,10.254,57.861,21.729,1
-0.507,0.009,0.756,0.128,0.055,-0.029,47.424,65.43,12.817,29.175,68.237,33.997,1
-0.599,0.075,0.699,-0.092,0.066,-0.057,7.507,-0.977,21.667,-39.917,-66.406,8.85,1
-0.626,0.023,0.726,-0.028,-0.052,0.027,-13.489,10.681,28.503,-20.996,11.658,6.836,1
-0.583,0.278,0.75,0.043,0.255,0.024,-32.837,-11.475,13.611,-19.348,-22.156,-14.893,1
-0.743,0.046,0.716,-0.159,-0.232,-0.034,-12.634,-17.944,8.972,20.203,-6.47,-4.639,1
-0.724,-0.048,0.699,0.019,-0.094,-0.017,-24.475,1.648,-8.545,-11.841,19.592,-17.517,1
-0.745,-0.1,0.651,-0.021,-0.052,-0.048,24.292,27.771,-22.034,48.767,26.123,-13.489,1
-0.752,-0.084,0.658,-0.007,0.016,0.007,2.502,22.888,5.371,-21.79,-4.883,27.405,1
-0.717,-0.054,0.72,0.036,0.029,0.062,4.822,15.564,-3.052,2.319,-7.324,-8.423,1
-0.674,-0.021,0.727,0.042,0.034,0.007,9.521,2.197,3.113,4.7,-13.367,6.165,1
-0.69,0.006,0.738,-0.016,0.027,0.011,8.362,3.479,-4.15,-1.16,1.282,-7.263,1
-0.695,0.009,0.712,-0.005,0.003,-0.026,-0.549,4.7,-1.16,-8.911,1.221,2.991,1
-0.698,0,0.722,-0.003,-0.009,0.01,-0.305,2.136,-2.502,0.244,-2.563,-1.343,1
-0.685,-0.02,0.712,0.012,-0.02,-0.01,-0.916,-2.991,-0.977,-0.61,-5.127,1.526,1
-0.695,-0.014,0.736,-0.01,0.006,0.024,1.221,0.732,0.366,2.136,3.723,1.343,1
-0.697,-0.005,0.698,-0.002,0.009,-0.038,1.038,-0.671,-0.305,-0.183,-1.404,-0.671,1
-0.698,-0.024,0.724,-0.002,-0.019,0.025,-1.16,3.723,0.061,-2.197,4.395,0.366,1
-0.683,-0.004,0.7,0.015,0.02,-0.024,2.869,1.404,-0.244,4.028,-2.319,-0.305,1
-0.697,-0.015,0.727,-0.014,-0.011,0.028,-0.854,2.747,-0.671,-3.723,1.343,-0.427,1
-0.691,-0.013,0.699,0.006,0.002,-0.028,0.793,-1.221,-0.977,1.648,-3.967,-0.305,1
-0.696,-0.017,0.713,-0.005,-0.004,0.013,-0.427,3.601,-0.061,-1.221,4.822,0.916,1
-0.693,-0.003,0.717,0.002,0.014,0.004,2.075,-1.648,0.183,2.502,-5.249,0.244,1
-0.688,-0.014,0.682,0.005,-0.011,-0.035,0,3.296,-0.732,-2.075,4.944,-0.916,1
-0.717,-0.003,0.736,-0.028,0.011,0.054,4.395,0.977,-2.258,4.395,-2.319,-1.526,1
-0.693,-0.014,0.679,0.023,-0.01,-0.057,-1.282,1.404,-0.977,-5.676,0.427,1.282,1
-0.713,-0.001,0.717,-0.019,0.013,0.038,1.831,3.418,-0.488,3.113,2.014,0.488,1
-0.7,-0.006,0.684,0.012,-0.006,-0.033,-0.061,-2.136,0.549,-1.892,-5.554,1.038,1
-0.726,-0.01,0.712,-0.026,-0.004,0.028,2.502,5.798,0.244,2.563,7.935,-0.305,1
-0.716,-0.003,0.698,0.01,0.007,-0.015,1.038,0.244,0.366,-1.465,-5.554,0.122,1
-0.706,-0.006,0.698,0.01,-0.003,0,-1.404,2.197,-0.305,-2.441,1.953,-0.671,1
-0.703,-0.001,0.711,0.003,0.005,0.014,0.305,3.113,-1.282,1.709,0.916,-0.977,1
-0.704,-0.005,0.7,-0.001,-0.003,-0.012,-1.648,0.122,0.305,-1.953,-2.991,1.587,1
-0.716,0.002,0.694,-0.011,0.007,-0.006,0.488,0.793,-1.16,2.136,0.671,-1.465,1
-0.708,-0.015,0.704,0.008,-0.017,0.01,-0.427,0.61,0.183,-0.916,-0.183,1.343,1
-0.714,-0.008,0.69,-0.006,0.007,-0.014,0.793,-0.916,-0.916,1.221,-1.526,-1.099,1
-0.715,-0.005,0.685,-0.001,0.004,-0.005,0.488,3.418,-1.648,-0.305,4.333,-0.732,1
-0.712,-0.001,0.699,0.003,0.004,0.014,6.409,-1.831,-5.005,5.92,-5.249,-3.357,1
-0.693,-0.003,0.708,0.019,-0.002,0.008,10.193,-2.136,-8.545,3.784,-0.305,-3.54,1
-0.727,0.003,0.711,-0.034,0.005,0.003,33.569,10.132,-6.653,23.376,12.268,1.892,1
-0.739,0.033,0.738,-0.011,0.03,0.027,19.409,6.653,-15.381,-14.16,-3.479,-8.728,1
-0.741,0.037,0.709,-0.002,0.004,-0.03,18.433,-24.536,-1.465,-0.977,-31.189,13.916,1
-0.699,0.07,0.646,0.042,0.033,-0.063,16.174,4.089,9.338,-2.258,28.625,10.803,1
-0.707,0.095,0.703,-0.008,0.025,0.058,-33.752,-33.752,-5.981,-49.927,-37.842,-15.32,1
-0.653,0.07,0.796,0.054,-0.025,0.093,-23.804,-5.249,14.587,9.949,28.503,20.569,1
-0.591,0.121,0.765,0.062,0.051,-0.031,-7.446,-11.047,-8.118,16.357,-5.798,-22.705,1
-0.624,0.153,0.763,-0.033,0.032,-0.002,-31.616,-21.973,17.517,-24.17,-10.925,25.635,1
-0.609,0.072,0.803,0.015,-0.082,0.04,-28.015,-18.127,10.681,3.601,3.845,-6.836,1
-0.634,0.033,0.748,-0.025,-0.039,-0.055,35.583,20.63,-7.874,63.599,38.757,-18.555,1
-0.694,0.086,0.707,-0.06,0.053,-0.041,13.855,6.47,-6.531,-21.729,-14.16,1.343,1
-0.679,0.061,0.739,0.015,-0.025,0.032,-5.005,-6.409,1.221,-18.86,-12.878,7.751,1
-0.681,0.026,0.701,-0.002,-0.035,-0.037,-3.662,0.916,1.77,1.343,7.324,0.549,1
-0.61,0.035,0.793,0.07,0.009,0.092,20.386,-28.381,-10.681,24.048,-29.297,-12.451,1
-0.62,0.006,0.827,-0.01,-0.028,0.034,17.456,-26.733,-14.16,-2.93,1.648,-3.479,1
-0.622,-0.022,0.831,-0.002,-0.029,0.003,-7.141,-10.01,-4.822,-24.597,16.724,9.338,1
-0.595,0.025,0.765,0.027,0.047,-0.065,-5.249,26.123,0.793,1.892,36.133,5.615,1
-0.644,0.026,0.783,-0.049,0.001,0.017,-15.198,11.414,-1.77,-9.949,-14.709,-2.563,1
-0.703,-0.003,0.707,-0.059,-0.03,-0.076,3.235,22.644,-19.592,18.433,11.23,-17.822,1
-0.643,0.007,0.696,0.06,0.01,-0.011,-35.522,-6.531,21.301,-38.757,-29.175,40.894,1
-0.669,0.03,0.78,-0.026,0.023,0.085,0.549,4.761,-5.31,36.072,11.292,-26.611,1
-0.653,0.058,0.73,0.016,0.028,-0.05,14.648,-1.221,-6.653,14.099,-5.981,-1.343,1
-0.682,0.078,0.752,-0.029,0.02,0.022,16.968,-22.522,-45.654,2.319,-21.301,-39.001,1
-0.698,0.104,0.745,-0.016,0.026,-0.007,10.986,0.305,-7.812,-5.981,22.827,37.842,1
-0.675,0.137,0.718,0.023,0.033,-0.027,26.428,23.56,-12.085,15.442,23.254,-4.272,1
-0.632,0.122,0.706,0.043,-0.014,-0.011,108.154,-62.195,-10.681,81.726,-85.754,1.404,1
-0.461,0.279,0.604,0.171,0.156,-0.102,-10.498,-70.068,-45.715,-118.652,-7.874,-35.034,1
-0.665,0.033,0.877,-0.204,-0.245,0.272,-1.648,-7.385,-26.733,8.85,62.683,18.982,1
-0.558,-0.013,0.808,0.107,-0.046,-0.068,23.193,31.006,-26.672,24.841,38.391,0.061,1
-0.747,0.021,0.994,-0.189,0.034,0.186,45.898,6.409,-34.18,22.705,-24.597,-7.507,1
-0.693,-0.014,0.709,0.055,-0.035,-0.285,91.614,-9.094,-0.305,45.715,-15.503,33.875,1
-0.607,0.141,0.677,0.086,0.154,-0.033,-14.221,13.672,-9.338,-105.835,22.766,-9.033,1
-0.645,0.153,0.784,-0.038,0.012,0.108,6.531,6.226,-38.086,20.752,-7.446,-28.748,1
-0.638,0.101,0.711,0.007,-0.052,-0.074,-11.047,4.272,-13.672,-17.578,-1.953,24.414,1
-0.677,0.075,0.724,-0.038,-0.026,0.014,-1.282,-1.587,-21.667,9.766,-5.859,-7.996,1
-0.657,0.14,0.746,0.019,0.065,0.022,25.452,-12.207,-21.118,26.733,-10.62,0.549,1
-0.667,0.102,0.713,-0.01,-0.038,-0.033,23.193,-12.268,-36.804,-2.258,-0.061,-15.686,1
-0.641,0.109,0.797,0.027,0.007,0.084,-6.226,10.62,-11.719,-29.419,22.888,25.085,1
-0.647,0.081,0.73,-0.006,-0.028,-0.067,-22.339,5.493,6.348,-16.113,-5.127,18.066,1
-0.695,0.056,0.731,-0.048,-0.025,0.001,-15.137,9.705,7.629,7.202,4.211,1.282,1
-0.687,0.066,0.74,0.008,0.01,0.008,-3.174,0.122,-1.77,11.963,-9.583,-9.399,1
-0.687,0.055,0.706,0.001,-0.012,-0.034,9.216,11.597,-9.888,12.39,11.475,-8.118,1
-0.685,0.109,0.725,0.002,0.055,0.019,-2.014,-4.028,-5.554,-11.23,-15.625,4.333,1
-0.1,0.262,1.024,0,0,0,35.217,27.039,-5.981,0,0,0,2
-0.184,0.319,0.796,-0.084,0.057,-0.229,54.565,21.118,-23.926,19.348,-5.92,-17.944,2
-0.198,0.37,0.612,-0.013,0.051,-0.184,52.979,-4.761,-34.424,-1.587,-25.879,-10.498,2
-0.39,0.304,0.367,-0.193,-0.066,-0.245,37.048,-50.537,-42.175,-15.93,-45.776,-7.751,2
-0.114,0.428,0.625,0.276,0.124,0.259,-49.927,-81.055,-16.296,-86.975,-30.518,25.879,2
-0.416,0.203,1.101,-0.302,-0.224,0.475,-72.388,-48.889,-43.762,-22.461,32.166,-27.466,2
-0.139,-0.067,1.269,0.277,-0.27,0.168,-58.777,-31.006,-7.141,13.611,17.883,36.621,2
-0.066,0.002,1.112,0.073,0.068,-0.158,-28.015,-10.254,25.452,30.762,20.752,32.593,2
-0.08,0.154,0.992,-0.013,0.153,-0.119,48.645,35.828,16.235,76.66,46.082,-9.216,2
-0.267,0.69,0.831,-0.187,0.536,-0.162,2.686,-23.987,5.554,-45.959,-59.814,-10.681,2
-0.127,0.564,0.871,0.14,-0.125,0.041,-1.404,-22.827,-147.766,-4.089,1.16,-153.32,2
0.165,-0.327,1.173,0.293,-0.892,0.302,-2.075,-40.771,-96.13,-0.671,-17.944,51.636,2
0.291,-0.703,1.128,0.126,-0.375,-0.045,1.648,21.362,32.349,3.723,62.134,128.479,2
0.277,-0.364,0.954,-0.014,0.339,-0.173,16.113,6.042,159.241,14.465,-15.32,126.892,2
0.056,0.627,0.811,-0.222,0.991,-0.144,-16.113,-24.719,193.237,-32.227,-30.762,33.997,2
0.054,1.092,0.983,-0.002,0.465,0.172,-13.733,3.052,26.306,2.38,27.771,-166.931,2
0.137,0.888,1.027,0.083,-0.203,0.044,-21.851,15.259,-194.824,-8.118,12.207,-221.13,2
0.174,-0.146,0.982,0.037,-1.035,-0.045,10.254,-21.179,-194.885,32.104,-36.438,-0.061,2
0.21,-0.587,1.155,0.036,-0.441,0.173,-15.808,-15.137,-92.651,-26.062,6.042,102.234,2
0.27,-0.778,1.036,0.059,-0.191,-0.12,9.094,12.756,94.849,24.902,27.893,187.5,2
0.176,-0.071,0.956,-0.093,0.707,-0.08,16.907,9.644,174.988,7.813,-3.113,80.139,2
0.094,0.658,0.817,-0.082,0.73,-0.138,8.362,36.865,192.383,-8.545,27.222,17.395,2
-0.054,1.043,0.968,-0.148,0.385,0.151,-6.042,7.019,68.909,-14.404,-29.846,-123.474,2
-0.054,1.088,0.821,0.001,0.045,-0.147,-62.927,-13.672,-165.466,-56.885,-20.691,-234.375,2
0.286,-0.123,1.051,0.339,-1.211,0.23,-18.311,-55.298,-230.713,44.617,-41.626,-65.247,2
0.25,-0.653,1.084,-0.036,-0.531,0.033,-2.014,-0.793,-65.186,16.296,54.504,165.527,2
0.433,-0.742,1.061,0.184,-0.089,-0.022,23.193,4.211,48.035,25.208,5.005,113.22,2
0.399,-0.032,1.046,-0.034,0.71,-0.016,30.273,12.695,236.511,7.08,8.484,188.477,2
-0.037,1.275,0.765,-0.437,1.307,-0.281,-3.784,84.29,186.707,-34.058,71.594,-49.805,2
-0.248,1.325,0.732,-0.21,0.05,-0.033,-48.584,-29.663,31.555,-44.8,-113.953,-155.151,2
0.086,0.953,1.04,0.333,-0.372,0.308,-59.265,-46.448,-240.54,-10.681,-16.785,-272.095,2
0.386,-0.464,1.067,0.3,-1.417,0.026,7.324,-11.475,-208.557,66.589,34.973,31.982,2
0.376,-0.573,1.119,-0.01,-0.109,0.052,-18.616,-7.507,-34.363,-25.94,3.967,174.194,2
0.466,-0.726,1.07,0.09,-0.153,-0.049,13.428,6.653,164.49,32.043,14.16,198.853,2
0.469,0.197,0.97,0.003,0.922,-0.1,47.668,19.958,272.949,34.241,13.306,108.459,2
0.077,0.792,0.885,-0.392,0.596,-0.084,39.246,29.602,171.997,-8.423,9.644,-100.952,2
-0.102,1.217,0.859,-0.179,0.424,-0.027,-11.841,-1.099,-39.185,-51.086,-30.701,-211.182,2
0.192,0.469,0.882,0.294,-0.748,0.024,-18.311,-5.737,-244.507,-6.47,-4.639,-205.322,2
0.378,-0.313,1.111,0.186,-0.781,0.229,89.355,-16.968,-226.135,107.666,-11.23,18.372,2
0.543,-0.755,1.269,0.164,-0.443,0.158,12.512,-14.282,-65.369,-76.843,2.686,160.767,2
0.499,-0.562,1.123,-0.044,0.193,-0.146,-17.334,43.396,151.733,-29.846,57.678,217.102,2
0.433,0.274,0.857,-0.066,0.835,-0.265,21.484,51.88,288.391,38.818,8.484,136.658,2
0.019,1.394,0.711,-0.414,1.12,-0.146,36.133,74.341,183.838,14.648,22.461,-104.553,2
-0.154,1.325,0.708,-0.173,-0.069,-0.003,-30.823,-4.211,-47.119,-66.956,-78.552,-230.957,2
0.207,0.728,0.89,0.361,-0.597,0.182,-13.55,-23.437,-261.841,17.273,-19.226,-214.722,2
0.318,-0.32,1.058,0.111,-1.048,0.168,33.203,12.268,-208.862,46.753,35.706,52.979,2
0.35,-0.666,1.108,0.032,-0.346,0.05,24.963,-6.104,-70.557,-8.24,-18.372,138.306,2
0.463,-0.771,1.077,0.113,-0.105,-0.031,7.568,3.113,136.353,-17.395,9.216,206.909,2
0.467,0.228,0.905,0.004,1,-0.172,37.354,11.719,293.03,29.785,8.606,156.677,2
-0.055,1.387,0.743,-0.522,1.159,-0.162,9.888,27.222,153.748,-27.466,15.503,-139.282,2
-0.163,1.411,0.852,-0.108,0.024,0.109,-21.179,2.502,-60.181,-31.067,-24.719,-213.928,2
0.186,0.599,0.773,0.349,-0.813,-0.079,-43.823,5.859,-270.63,-22.644,3.357,-210.449,2
0.404,-0.296,1.115,0.218,-0.895,0.342,-2.93,-35.828,-174.316,40.894,-41.687,96.313,2
0.554,-0.926,1.261,0.15,-0.631,0.146,20.752,22.827,42.236,23.682,58.655,216.553,2
0.498,-0.563,0.978,-0.056,0.363,-0.283,12.451,22.766,228.638,-8.301,-0.061,186.401,2
0.392,0.617,0.998,-0.105,1.18,0.02,41.016,8.667,269.958,28.564,-14.099,41.321,2
-0.147,1.406,0.827,-0.539,0.789,-0.172,-36.011,33.203,61.462,-77.026,24.536,-208.496,2
0.066,1.048,0.864,0.213,-0.358,0.038,-60.181,-5.432,-263.367,-24.17,-38.635,-324.829,2
0.281,-0.305,1.074,0.214,-1.353,0.21,57.678,-16.418,-280.762,117.859,-10.986,-17.395,2
0.481,-0.63,1.187,0.2,-0.325,0.113,-1.526,-25.757,-99.06,-59.204,-9.338,181.702,2
0.481,-0.648,1.07,0,-0.019,-0.117,-23.926,10.742,96.375,-22.4,36.499,195.435,2
0.49,-0.102,0.932,0.01,0.546,-0.138,41.138,27.954,325.684,65.063,17.212,229.309,2
0.099,0.935,1.044,-0.391,1.037,0.112,85.999,46.814,202.209,44.861,18.86,-123.474,2
-0.295,1.155,0.804,-0.394,0.22,-0.24,-5.31,13.367,-2.93,-91.309,-33.447,-205.139,2
0.014,0.724,0.976,0.309,-0.432,0.172,-6.409,-54.871,-255.981,-1.099,-68.237,-253.052,2
0.34,-0.165,1.039,0.326,-0.889,0.063,25.208,-35.4,-235.962,31.616,19.47,20.02,2
0.342,-0.399,1.073,0.002,-0.234,0.034,-13.55,-23.376,-103.333,-38.757,12.024,132.629,2
0.482,-0.781,1.197,0.14,-0.382,0.124,-11.902,24.17,84.167,1.648,47.546,187.5,2
0.503,-0.273,1.109,0.021,0.507,-0.088,42.297,50.903,248.047,54.199,26.733,163.879,2
0.23,0.514,0.96,-0.273,0.787,-0.149,54.81,32.654,244.385,12.512,-18.25,-3.662,2
-0.038,0.976,0.847,-0.267,0.462,-0.112,20.874,22.278,76.355,-33.936,-10.376,-168.03,2
-0.09,1.053,0.83,-0.052,0.077,-0.018,-24.78,-9.949,-72.571,-45.654,-32.227,-148.926,2
0.249,0.416,0.94,0.339,-0.637,0.11,-21.606,12.024,-205.2,3.174,21.973,-132.629,2
0.379,-0.259,1.063,0.13,-0.675,0.123,45.288,-24.597,-171.692,66.895,-36.621,33.508,2
0.226,-0.503,1.102,-0.153,-0.243,0.039,17.517,-9.827,-123.413,-27.771,14.771,48.279,2
0.314,-0.672,1.256,0.088,-0.169,0.155,-10.193,-5.005,7.019,-27.71,4.822,130.432,2
0.316,-0.418,1.089,0.002,0.254,-0.167,-9.888,24.475,149.231,0.305,29.48,142.212,2
0.068,0.507,0.773,-0.248,0.925,-0.316,-2.258,46.509,190.552,7.629,22.034,41.321,2
-0.078,0.791,0.649,-0.146,0.284,-0.123,4.639,31.738,117.004,6.897,-14.771,-73.547,2
0,0.899,0.876,0.078,0.108,0.226,-5.798,5.493,45.593,-10.437,-26.245,-71.411,2
0.051,0.862,0.937,0.051,-0.037,0.061,-26.428,10.681,-38.818,-20.63,5.188,-84.412,2
-0.093,0.42,0.691,-0.143,-0.442,-0.246,-12.939,13.367,-86.548,13.489,2.686,-47.729,2
-0.002,-0.069,0.928,0.091,-0.489,0.237,-3.54,-3.906,-127.136,9.399,-17.273,-40.588,2
0.14,-0.234,1.179,0.142,-0.165,0.252,19.287,5.127,-134.094,22.827,9.033,-6.958,2
0.129,-0.37,1.057,-0.011,-0.136,-0.122,4.395,-11.108,-73.486,-14.893,-16.235,60.608,2
0.28,-0.497,1.249,0.152,-0.128,0.192,5.432,-0.244,4.456,1.038,10.864,77.942,2
0.313,-0.509,1.093,0.033,-0.011,-0.156,-0.061,14.648,101.929,-5.493,14.893,97.473,2
0.187,-0.091,0.941,-0.126,0.418,-0.152,0.305,15.259,170.654,0.366,0.61,68.726,2
0.073,0.545,1.032,-0.115,0.636,0.091,-3.418,4.456,128.662,-3.723,-10.803,-41.992,2
0.084,0.767,0.967,0.012,0.222,-0.065,-6.897,-1.77,94.421,-3.479,-6.226,-34.241,2
0.009,1.027,0.957,-0.076,0.26,-0.01,-10.925,-11.108,-0.488,-4.028,-9.338,-94.91,2
0.056,0.663,0.877,0.048,-0.364,-0.08,-19.714,-16.541,-80.933,-8.789,-5.432,-80.444,2
0.101,0.293,0.904,0.045,-0.37,0.027,-20.752,-1.892,-140.686,-1.038,14.648,-59.753,2
0.202,-0.157,0.976,0.101,-0.45,0.072,-6.042,1.404,-179.749,14.709,3.296,-39.062,2
0.21,-0.276,1.058,0.008,-0.118,0.081,15.015,-4.211,-157.349,21.057,-5.615,22.4,2
0.317,-0.463,1.3,0.107,-0.187,0.242,24.17,0.916,-17.7,9.155,5.127,139.648,2
0.465,-0.54,1.266,0.148,-0.078,-0.034,13.245,31.067,70.618,-10.925,30.151,88.318,2
0.326,-0.109,0.984,-0.139,0.431,-0.282,-13.855,33.203,165.955,-27.1,2.136,95.337,2
0.055,0.406,0.69,-0.271,0.515,-0.294,-26.978,62.561,195.862,-13.123,29.358,29.907,2
-0.101,1.074,0.881,-0.156,0.668,0.192,-21.667,35.889,99.548,5.31,-26.672,-96.313,2
-0.079,1.021,0.922,0.022,-0.053,0.041,1.892,9.338,6.714,23.56,-26.55,-92.834,2
-0.036,0.817,0.92,0.043,-0.204,-0.002,6.165,-20.508,-87.036,4.272,-29.846,-93.75,2
-0.009,0.315,0.937,0.028,-0.502,0.017,11.78,-21.301,-152.161,5.615,-0.793,-65.125,2
0.07,-0.123,1.041,0.079,-0.438,0.104,32.837,-15.198,-167.236,21.057,6.104,-15.076,2
0.05,-0.204,0.999,-0.02,-0.081,-0.042,-7.751,-38.33,-126.526,-40.588,-23.132,40.71,2
0.142,-0.283,1.163,0.092,-0.079,0.164,-16.541,3.235,-35.522,-8.789,41.565,91.003,2
0.332,-0.441,1.091,0.19,-0.158,-0.072,3.845,2.808,94.727,20.386,-0.427,130.249,2
0.351,-0.1,1.065,0.019,0.341,-0.026,14.832,10.559,208.618,10.986,7.751,113.892,2
0.13,0.421,0.896,-0.221,0.52,-0.169,19.226,43.945,218.445,4.395,33.386,9.827,2
-0.017,0.772,0.779,-0.146,0.351,-0.117,38.391,48.34,114.685,19.165,4.395,-103.76,2
-0.173,1.067,0.735,-0.157,0.295,-0.044,-16.235,11.353,-14.038,-54.626,-36.987,-128.723,2
0.025,0.7,0.992,0.198,-0.366,0.257,-22.156,-24.414,-152.527,-5.92,-35.767,-138.489,2
0.195,0.081,1.065,0.17,-0.619,0.073,22.888,-38.391,-199.036,45.044,-13.977,-46.509,2
0.128,-0.159,1.027,-0.067,-0.24,-0.038,13.245,-28.381,-135.376,-9.644,10.01,63.66,2
0.146,-0.294,1.107,0.017,-0.135,0.08,-14.282,-28.137,-49.622,-27.527,0.244,85.754,2
0.281,-0.437,1.149,0.135,-0.143,0.042,-4.028,20.02,75.745,10.254,48.157,125.366,2
0.307,-0.07,1.05,0.026,0.367,-0.099,6.592,32.898,194.458,10.62,12.878,118.713,2
0.163,0.55,0.773,-0.144,0.62,-0.277,16.479,69.275,221.497,9.888,36.377,27.039,2
-0.017,0.809,0.842,-0.18,0.258,0.069,47.791,31.006,112.976,31.311,-38.269,-108.521,2
-0.141,1.004,0.761,-0.124,0.195,-0.081,-15.442,2.991,-26.733,-63.232,-28.015,-139.709,2
0.058,0.674,0.917,0.199,-0.33,0.157,-27.71,-25.452,-164.917,-12.268,-28.442,-138.184,2
0.19,0.133,1.04,0.132,-0.541,0.122,4.517,-30.762,-209.412,32.227,-5.31,-44.495,2
0.254,-0.443,1.076,0.064,-0.576,0.037,26.855,-12.634,-141.785,22.339,18.127,67.627,2
0.213,-0.421,1.182,-0.041,0.022,0.105,-8.24,-21.179,-13.428,-35.095,-8.545,128.357,2
0.319,-0.468,1.174,0.105,-0.047,-0.008,-12.085,14.404,87.83,-3.845,35.583,101.257,2
0.37,-0.224,1.087,0.051,0.243,-0.086,27.222,35.278,213.745,39.307,20.874,125.916,2
0.078,0.518,0.809,-0.292,0.742,-0.278,3.296,51.025,186.768,-23.926,15.747,-26.978,2
-0.081,0.912,0.803,-0.159,0.394,-0.006,3.357,12.939,85.876,0.061,-38.086,-100.891,2
-0.131,0.956,0.796,-0.05,0.044,-0.007,-19.287,-13.55,-31.738,-22.644,-26.489,-117.615,2
0.062,0.697,0.904,0.193,-0.259,0.108,-35.522,-24.536,-180.359,-16.235,-10.986,-148.621,2
0.238,0.013,1.002,0.176,-0.683,0.098,12.39,-29.48,-177.368,47.913,-4.944,2.991,2
0.184,-0.189,1.123,-0.054,-0.202,0.121,11.292,-27.832,-123.657,-1.099,1.648,53.711,2
0.209,-0.377,1.18,0.025,-0.188,0.056,-4.028,-17.517,-21.545,-15.32,10.315,102.112,2
0.306,-0.431,1.157,0.096,-0.053,-0.022,-3.723,15.076,72.266,0.305,32.593,93.811,2
0.332,-0.197,1.065,0.027,0.234,-0.092,13.367,41.321,181.641,17.09,26.245,109.375,2
0.102,0.433,0.815,-0.231,0.629,-0.25,10.193,48.096,200.623,-3.174,6.775,18.982,2
-0.022,0.904,0.886,-0.123,0.472,0.07,21.179,34.729,66.162,10.986,-13.367,-134.46,2
-0.12,0.919,0.708,-0.099,0.014,-0.178,-11.353,-4.7,-42.48,-32.532,-39.429,-108.643,2
0.094,0.749,0.98,0.215,-0.17,0.272,-39.246,-43.518,-162.415,-27.893,-38.818,-119.934,2
0.233,0.211,0.875,0.138,-0.538,-0.105,-6.531,-25.269,-205.872,32.715,18.25,-43.457,2
0.252,-0.219,1.069,0.02,-0.43,0.194,15.686,-7.69,-144.592,22.217,17.578,61.279,2
0.249,-0.448,1.16,-0.004,-0.229,0.092,12.329,-3.052,-26.489,-3.357,4.639,118.103,2
0.314,-0.495,1.155,0.066,-0.047,-0.006,1.282,22.339,79.468,-11.047,25.391,105.957,2
0.398,-0.141,1.146,0.084,0.354,-0.009,4.333,20.081,193.359,3.052,-2.258,113.892,2
0.136,0.573,0.84,-0.261,0.714,-0.306,-10.681,30.151,207.581,-15.015,10.071,14.221,2
-0.057,0.952,0.826,-0.193,0.379,-0.014,15.747,34.424,75.073,26.428,4.272,-132.507,2
-0.128,1.028,0.709,-0.071,0.076,-0.117,-31.738,-10.132,-35.645,-47.485,-44.556,-110.718,2
0.143,0.79,0.966,0.271,-0.239,0.257,-57.617,-35.767,-194.58,-25.879,-25.635,-158.936,2
0.325,-0.011,1.052,0.182,-0.8,0.085,4.639,-28.381,-220.52,62.256,7.385,-25.94,2
0.245,-0.323,1.08,-0.081,-0.312,0.028,27.649,-14.343,-130.432,23.01,14.038,90.088,2
0.264,-0.48,1.173,0.02,-0.157,0.093,-10.864,-8.911,-11.353,-38.513,5.432,119.08,2
0.316,-0.458,1.095,0.052,0.022,-0.078,-9.277,21.973,106.384,1.587,30.884,117.737,2
0.392,0.059,0.99,0.076,0.518,-0.105,31.799,45.41,232.971,41.077,23.437,126.587,2
0.213,0.667,0.869,-0.179,0.607,-0.121,33.447,54.077,226.257,1.648,8.667,-6.714,2
-0.005,0.804,0.847,-0.218,0.138,-0.022,33.63,40.71,81.543,0.183,-13.367,-144.714,2
-0.11,0.973,0.72,-0.106,0.168,-0.127,-11.292,-10.132,-45.41,-44.922,-50.842,-126.953,2
0.145,0.616,1.013,0.255,-0.357,0.293,-20.935,-37.781,-201.843,-9.644,-27.649,-156.433,2
0.251,-0.085,1.053,0.107,-0.701,0.041,13,-35.278,-202.27,33.936,2.502,-0.427,2
0.236,-0.376,1.086,-0.015,-0.291,0.032,11.841,-11.292,-123.657,-1.16,23.987,78.613,2
0.211,-0.362,1.183,-0.026,0.014,0.097,1.343,-16.357,-30.273,-10.498,-5.066,93.384,2
0.278,-0.369,1.134,0.067,-0.007,-0.049,-8.484,2.808,68.848,-9.827,19.165,99.121,2
0.316,-0.08,1.035,0.038,0.289,-0.099,12.573,19.592,182.434,21.057,16.785,113.586,2
0.14,0.573,0.832,-0.176,0.653,-0.202,7.751,60.852,202.759,-4.822,41.26,20.325,2
-0.047,0.999,0.756,-0.187,0.427,-0.076,5.493,32.471,102.783,-2.258,-28.381,-99.976,2
-0.158,1.106,0.695,-0.11,0.106,-0.062,-17.456,4.089,6.348,-22.949,-28.381,-96.436,2
0.021,0.947,0.829,0.179,-0.159,0.135,-49.316,-39.673,-153.381,-31.86,-43.762,-159.729,2
0.18,0.304,0.916,0.158,-0.643,0.087,2.686,-33.02,-178.772,52.002,6.653,-25.391,2
0.244,-0.138,1.071,0.065,-0.442,0.154,20.996,-6.165,-142.822,18.311,26.855,35.95,2
0.133,-0.336,1.087,-0.112,-0.198,0.017,17.029,5.005,-73.12,-3.967,11.169,69.702,2
0.181,-0.456,1.219,0.049,-0.12,0.132,4.7,14.099,25.574,-12.329,9.094,98.694,2
0.311,-0.307,1.097,0.129,0.149,-0.122,0.977,29.724,151.611,-3.723,15.625,126.038,2
0.123,0.315,0.846,-0.188,0.621,-0.251,-2.502,55.908,188.232,-3.479,26.184,36.621,2
0.077,0.738,0.86,-0.046,0.424,0.014,16.968,19.348,166.565,19.47,-36.56,-21.667,2
0.035,1.092,0.985,-0.042,0.353,0.125,29.114,8.545,42.908,12.146,-10.803,-123.657,2
-0.033,0.92,0.806,-0.068,-0.172,-0.179,-13.733,-2.258,-109.558,-42.847,-10.803,-152.466,2
0.141,0.318,0.909,0.174,-0.602,0.104,23.254,-19.104,-190.369,36.987,-16.846,-80.811,2
0.259,-0.092,1.079,0.118,-0.41,0.17,7.874,-13.916,-181.58,-15.381,5.188,8.789,2
0.271,-0.562,1.149,0.013,-0.469,0.07,1.648,-17.578,-108.154,-6.226,-3.662,73.425,2
0.261,-0.542,1.196,-0.01,0.02,0.047,-14.648,7.874,24.109,-16.296,25.452,132.263,2
0.324,-0.546,1.074,0.063,-0.004,-0.122,1.648,15.198,155.212,16.296,7.324,131.104,2
0.402,0.266,0.969,0.078,0.812,-0.104,28.137,54.443,245.3,26.489,39.246,90.088,2
0.046,0.972,0.79,-0.357,0.706,-0.179,-0.061,7.812,183.96,-28.198,-46.631,-61.34,2
-0.024,1.063,0.801,-0.069,0.091,0.011,-6.47,7.446,41.626,-6.409,-0.366,-142.334,2
-0.052,0.993,0.832,-0.029,-0.07,0.031,-35.339,-14.038,-123.047,-28.87,-21.484,-164.673,2
0.224,0.366,0.916,0.276,-0.627,0.084,-2.075,0.183,-209.656,33.264,14.221,-86.609,2
0.292,-0.166,1.067,0.068,-0.532,0.151,34.119,-1.465,-165.833,36.194,-1.648,43.823,2
0.203,-0.384,1.074,-0.089,-0.218,0.006,15.076,-18.372,-96.008,-19.043,-16.907,69.824,2
0.249,-0.463,1.197,0.045,-0.079,0.123,-4.272,-2.197,-1.221,-19.348,16.174,94.788,2
0.304,-0.494,1.149,0.056,-0.031,-0.047,-4.517,24.719,82.886,-0.244,26.917,84.106,2
0.285,0.006,1.004,-0.019,0.5,-0.145,10.437,15.564,184.021,14.954,-9.155,101.135,2
0.01,0.632,0.731,-0.275,0.626,-0.272,3.906,44.617,191.04,-6.531,29.053,7.019,2
-0.114,1.02,0.86,-0.124,0.388,0.129,-2.136,3.418,87.463,-6.042,-41.199,-103.577,2
-0.094,1.003,0.859,0.02,-0.017,-0.001,-20.874,9.399,-47.668,-18.738,5.981,-135.132,2
0.018,0.528,0.827,0.112,-0.476,-0.033,1.831,1.648,-163.94,22.705,-7.751,-116.272,2
0.185,-0.028,1.039,0.168,-0.556,0.212,24.536,-24.536,-159.729,22.705,-26.184,4.211,2
0.168,-0.25,1.091,-0.017,-0.222,0.052,33.264,1.77,-119.202,8.728,26.306,40.527,2
0.195,-0.432,1.192,0.027,-0.182,0.101,-0.061,-29.846,-38.513,-33.325,-31.616,80.688,2
0.276,-0.439,1.169,0.081,-0.006,-0.023,-7.568,10.254,75.684,-7.507,40.1,114.197,2
0.278,-0.159,1.037,0.001,0.28,-0.132,-8.118,17.761,154.602,-0.549,7.507,78.918,2
0.179,0.252,0.954,-0.099,0.411,-0.083,20.874,19.958,167.725,28.992,2.197,13.123,2
